<assembly xmlns="http://maven.apache.org/plugins/maven-assembly-plugin/assembly/1.1.0"
          xmlns:xsi="http://www.w3.org/2001/XMLSchema-instance"
          xsi:schemaLocation="http://maven.apache.org/xsd/assembly-1.1.0.xsd">
    <id>jar-with-dependencies</id>
    <formats>
        <format>jar</format>
    </formats>
    <includeBaseDirectory>false</includeBaseDirectory>
    <dependencySets>
        <dependencySet>
            <outputDirectory>/</outputDirectory>
            <useProjectArtifact>true</useProjectArtifact>
            <!-- we're creating the test-jar without attachement -->
            <useProjectAttachments>false</useProjectAttachments>
            <unpack>true</unpack>
            <scope>runtime</scope>
            <useTransitiveDependencies>true</useTransitiveDependencies>
            <excludes>
                <exclude>org.apache.storm:*</exclude>
                <exclude>junit:*</exclude>
                <exclude>org.slf4j:*</exclude>
                <exclude>org.apache.log4j:*</exclude>
                <exclude>log4j:*</exclude>
                <exclude>org.clojure:*</exclude>
                <exclude>ring:*</exclude>
                <exclude>org.mortbay.jetty:*</exclude>
                <exclude>javax.servlet:*</exclude>
                <exclude>jline:*</exclude>
                <exclude>org.apache.zookeeper:*</exclude>
                <exclude>hiccp:*</exclude>
                <exclude>com.twitter:*</exclude>
                <exclude>org.apache.httpcompontents:*</exclude>
                <exclude>io.netty:*</exclude>
                <exclude>clout:*</exclude>
                <!--<exclude>commons-*:*</exclude>-->
                <exclude>com.esotericsoftware.*:*</exclude>
                <exclude>clj-*:*</exclude>
                <exclude>org.jgrapht:*</exclude>
                <!--<exclude>org.bytedeco:*</exclude>-->
            </excludes>
        </dependencySet>
    </dependencySets>

</assembly>